"顺序","条目ID","标题","副标题","时长","封面文件","封面地址"
"1","cat158521","外星爸爸寻人事件","小格去哪了？","04:39","covers/cat158521.webp","https://cdn.kaishuhezi.com/kstory/story/image/a4af31a7-bc66-4f8a-ad13-4a0cceca2b37_info_w=750_h=750_s=686524.jpg?x-oss-process=image/resize,w_148,limit_1/format,webp"
"2","cat156606","口袋神探7归来！","前情提要","02:42","covers/cat156606.webp","https://cdn.kaishuhezi.com/compressImages/1722578124322_a03933bb-c7ff-4410-bb28-1b88091f3eb9_info_w=750_h=750_s=9001.jpg?x-oss-process=image/resize,w_148,limit_1/format,webp"
"3","cat156607","人工智能加入战斗！","本季花絮抢先听","00:56","covers/cat156607.webp","https://cdn.kaishuhezi.com/compressImages/1722578324933_39238c81-324b-44bc-9313-4da11c406534_info_w=750_h=750_s=8886.jpg?x-oss-process=image/resize,w_148,limit_1/format,webp"
"4","cat156612","小鬼，我回来了","黑雨衣的预告","02:44","covers/cat156612.webp","https://cdn.kaishuhezi.com/compressImages/1722582546836_e2f04902-76e5-4351-bfe5-6644d5d39090_info_w=750_h=750_s=4471.jpg?x-oss-process=image/resize,w_148,limit_1/format,webp"
"5","cat156613","反派不联盟","新反派上线啦","03:32","covers/cat156613.webp","https://cdn.kaishuhezi.com/compressImages/1722578718818_61aff6ff-d653-45cb-b640-4c6f1646d209_info_w=750_h=750_s=9001.jpg?x-oss-process=image/resize,w_148,limit_1/format,webp"
"6","cat156634","第1集 AI ！燃烧的隐形操纵者（上）","赛车失火案","09:16","covers/cat156634.webp","https://cdn.kaishuhezi.com/kstory/story/image/c0e081b5-b49e-426f-bd4b-742ff65426f5_info_w=750_h=750_s=261957.jpg?x-oss-process=image/resize,w_148,limit_1/format,webp"
"7","cat156641","第2集 AI ！燃烧的隐形操纵者（下）","赛车失火案","06:16","covers/cat156641.webp","https://cdn.kaishuhezi.com/kstory/story/image/152979b9-6133-4b12-b692-2a67ce0b9cfe_info_w=750_h=750_s=261957.jpg?x-oss-process=image/resize,w_148,limit_1/format,webp"
"8","cat156642","技术 ∣ 赛车比赛都可以无人驾驶？","科学揭秘：首届无人方程式赛车大赛","02:22","covers/cat156642.webp","https://cdn.kaishuhezi.com/compressImages/1723021669043_b0c0a050-9137-46c5-9162-2c54b6b058ae_info_w=750_h=750_s=8982.jpg?x-oss-process=image/resize,w_148,limit_1/format,webp"
"9","cat156644","第3集 穿墙术！赛车隐身之谜（上）","赛车失踪案","07:24","covers/cat156644.webp","https://cdn.kaishuhezi.com/compressImages/1723020957105_50cb5e6e-534e-4ee9-9dd4-a058c421fb3a_info_w=750_h=750_s=5150.jpg?x-oss-process=image/resize,w_148,limit_1/format,webp"
"10","cat156645","第4集 穿墙术！赛车隐身之谜（下）","赛车失踪案","08:27","covers/cat156645.webp","https://cdn.kaishuhezi.com/compressImages/1723021140982_3d455564-34dd-4cb9-a8d4-9ffb7db97c8f_info_w=750_h=750_s=5150.jpg?x-oss-process=image/resize,w_148,limit_1/format,webp"
"11","cat156646","技术 ∣ 智能汽车的“眼睛”","科学揭秘：什么是汽车避障系统","02:26","covers/cat156646.webp","https://cdn.kaishuhezi.com/compressImages/1723104624585_31561f24-34b5-41f1-b685-02958377bcc9_info_w=750_h=750_s=8982.jpg?x-oss-process=image/resize,w_148,limit_1/format,webp"
"12","cat156647","第5集 小鬼，又见面了","芯片被盗追击案","09:42","covers/cat156647.webp","https://cdn.kaishuhezi.com/compressImages/1723101336123_29f402fc-53ee-4e2f-8ee6-95a425031e68_info_w=750_h=750_s=8969.jpg?x-oss-process=image/resize,w_148,limit_1/format,webp"
"13","cat156648","技术 ∣ AI也要学习？","科学揭秘：什么是AI三要素","03:05","covers/cat156648.webp","https://cdn.kaishuhezi.com/compressImages/1723104624585_31561f24-34b5-41f1-b685-02958377bcc9_info_w=750_h=750_s=8982.jpg?x-oss-process=image/resize,w_148,limit_1/format,webp"
"14","cat156663","第6集 追踪！被绑架的外星人！（上）","熊包包失踪案","07:30","covers/cat156663.webp","https://cdn.kaishuhezi.com/compressImages/1723107005555_e6000060-8f5b-4475-90b2-c5bef237a6c1_info_w=750_h=750_s=9018.jpg?x-oss-process=image/resize,w_148,limit_1/format,webp"
"15","cat156667","第7集 追踪！被绑架的外星人！（下）","熊包包失踪案","07:22","covers/cat156667.webp","https://cdn.kaishuhezi.com/compressImages/1723107258140_4a11363b-dd10-4053-aaec-6efa7143a78d_info_w=750_h=750_s=9018.jpg?x-oss-process=image/resize,w_148,limit_1/format,webp"
"16","cat156671","技术 ∣ 机器人也能送外卖？","科学揭秘：什么是外卖机器人","02:33","covers/cat156671.webp","https://cdn.kaishuhezi.com/compressImages/1723532804170_ad324f47-eb69-46fc-aebb-ee61753a1408_info_w=750_h=750_s=8982.jpg?x-oss-process=image/resize,w_148,limit_1/format,webp"
"17","cat156672","第8集  黑宝是小偷？（上）","火龙果被盗案","08:42","covers/cat156672.webp","https://cdn.kaishuhezi.com/compressImages/1723532462744_4a29b5e6-4158-4b1e-8721-ea79354a1d85_info_w=750_h=750_s=5767.jpg?x-oss-process=image/resize,w_148,limit_1/format,webp"
"18","cat156673","第9集  黑宝是小偷？（下）","火龙果被盗案","08:15","covers/cat156673.webp","https://cdn.kaishuhezi.com/compressImages/1723532664200_590f9372-28cd-485b-89a1-b267a7873176_info_w=750_h=750_s=5767.jpg?x-oss-process=image/resize,w_148,limit_1/format,webp"
"19","cat156674","技术 ∣ 不用土也能种菜？","科学揭秘：什么是无土栽培","03:15","covers/cat156674.webp","https://cdn.kaishuhezi.com/compressImages/1722930898129_3bb17e1d-b73f-4279-818c-e1fcdf97a9a0_info_w=750_h=750_s=8982.jpg?x-oss-process=image/resize,w_148,limit_1/format,webp"
"20","cat156691","我跟黑宝打了一架！","乱七八糟的日常 1","01:09","covers/cat156691.webp","https://cdn.kaishuhezi.com/compressImages/1723704459480_185abfec-2aeb-435f-b1c8-82b1fbd632f4_info_w=750_h=750_s=5763.jpg?x-oss-process=image/resize,w_148,limit_1/format,webp"
"21","cat156694","第10集  香肠大盗的挑战书（上）","香肠被偷案","05:55","covers/cat156694.webp","https://cdn.kaishuhezi.com/compressImages/1723798160459_e72c1d1d-0dac-401e-9e98-03d80fc625e6_info_w=750_h=750_s=6535.jpg?x-oss-process=image/resize,w_148,limit_1/format,webp"
"22","cat156701","第11集  香肠大盗的挑战书（下）","香肠被偷案","08:06","covers/cat156701.webp","https://cdn.kaishuhezi.com/compressImages/1723798332577_8387028c-8825-4e45-aaeb-39dab128f75c_info_w=750_h=750_s=6535.jpg?x-oss-process=image/resize,w_148,limit_1/format,webp"
"23","cat156702","植物 ∣ 核桃也能染布？","科学揭秘：什么是胡桃醌","02:15","covers/cat156702.webp","https://cdn.kaishuhezi.com/compressImages/1724134035525_76f575d1-636b-436e-851f-3bed28365671_info_w=750_h=750_s=8982.jpg?x-oss-process=image/resize,w_148,limit_1/format,webp"
"24","cat156703","第12集 障眼法！灯光下的罪证（上）","混合现实眼镜被换案","07:51","covers/cat156703.webp","https://cdn.kaishuhezi.com/compressImages/1724132394793_274ecb18-d576-4c04-b0c3-1d3653b51121_info_w=750_h=750_s=8717.jpg?x-oss-process=image/resize,w_148,limit_1/format,webp"
"25","cat156704","第13集 障眼法！灯光下的罪证（下）","混合现实眼镜被换案","07:14","covers/cat156704.webp","https://cdn.kaishuhezi.com/compressImages/1724132830343_940b271a-99a9-4a64-81ed-d2b79dd30163_info_w=750_h=750_s=8717.jpg?x-oss-process=image/resize,w_148,limit_1/format,webp"
"26","cat156705","技术 ∣ 将虚拟融入现实的眼镜","什么是混合现实眼镜？","02:53","covers/cat156705.webp","https://cdn.kaishuhezi.com/compressImages/1724134035525_76f575d1-636b-436e-851f-3bed28365671_info_w=750_h=750_s=8982.jpg?x-oss-process=image/resize,w_148,limit_1/format,webp"
"27","cat156713","第14集 互联网里的黑雨衣大盗（上）","机房数据盗窃案","08:35","covers/cat156713.webp","https://cdn.kaishuhezi.com/compressImages/1724133622155_498f2959-13f8-40db-9a16-fa35159c62bf_info_w=750_h=750_s=7961.jpg?x-oss-process=image/resize,w_148,limit_1/format,webp"
"28","cat156714","第15集 互联网里的黑雨衣大盗（下）","机房数据盗窃案","06:57","covers/cat156714.webp","https://cdn.kaishuhezi.com/compressImages/1724133781644_abe88d7e-3956-4cd8-b7d8-c7ddb65f5e04_info_w=750_h=750_s=7961.jpg?x-oss-process=image/resize,w_148,limit_1/format,webp"
"29","cat156715","技术 ∣ 什么是磁盘阵列？","计算机机房里都有什么？","02:55","covers/cat156715.webp","https://cdn.kaishuhezi.com/compressImages/1724133199985_a50ba643-8db0-4580-aa51-fd65f6dd535c_info_w=750_h=750_s=8982.jpg?x-oss-process=image/resize,w_148,limit_1/format,webp"
"30","cat156727","黑雨衣和谁打电话？","乱七八糟的日常 2","01:01","covers/cat156727.webp","https://cdn.kaishuhezi.com/compressImages/1724741902403_a6e044ff-9316-47fa-a0b1-247bb1f5f021_info_w=750_h=750_s=6928.jpg?x-oss-process=image/resize,w_148,limit_1/format,webp"
"31","cat156741","重要通知！","更新时间改啦！","00:53","covers/cat156741.webp","https://cdn.kaishuhezi.com/compressImages/1725089716020_817ed7a5-8a96-47e4-b10d-777c4d7ba454_info_w=750_h=750_s=3299.jpg?x-oss-process=image/resize,w_148,limit_1/format,webp"
"32","cat156734","第16集 密室逃不脱？（上）","密室逃脱抓小偷","07:02","covers/cat156734.webp","https://cdn.kaishuhezi.com/compressImages/1724744714618_1005f1b0-d65f-47d5-818c-cc50f372011b_info_w=750_h=750_s=9105.jpg?x-oss-process=image/resize,w_148,limit_1/format,webp"
"33","cat156735","第17集 密室逃不脱？（下）","密室逃脱抓小偷","09:50","covers/cat156735.webp","https://cdn.kaishuhezi.com/compressImages/1724745664603_6e754cb6-5c71-41b9-92f3-e5626e15b6fb_info_w=750_h=750_s=9105.jpg?x-oss-process=image/resize,w_148,limit_1/format,webp"
"34","cat156736","数学 ∣ 世界上最美丽的数字","科学揭秘：什么是黄金分割律","02:29","covers/cat156736.webp","https://cdn.kaishuhezi.com/compressImages/1724899340747_bc26fef1-48e4-401c-b8ed-1f55da893653_info_w=750_h=750_s=9230.jpg?x-oss-process=image/resize,w_148,limit_1/format,webp"
"35","cat156742","第18集 机器人的定身法（上）","虚拟直播作案","08:58","covers/cat156742.webp","https://cdn.kaishuhezi.com/compressImages/1724746370357_fd86e86a-e0f4-489d-8bfb-12a8b5aec227_info_w=750_h=750_s=10056.jpg?x-oss-process=image/resize,w_148,limit_1/format,webp"
"36","cat156743","第19集 机器人的定身法（下）","虚拟直播作案","07:03","covers/cat156743.webp","https://cdn.kaishuhezi.com/compressImages/1724746549852_b95be8a7-c14a-49d4-a376-9930829b98cd_info_w=750_h=750_s=10056.jpg?x-oss-process=image/resize,w_148,limit_1/format,webp"
"37","cat156744","技术 ∣ 直播也能造假？","科学揭秘：什么是虚拟直播","02:20","covers/cat156744.webp","https://cdn.kaishuhezi.com/compressImages/1724899340747_bc26fef1-48e4-401c-b8ed-1f55da893653_info_w=750_h=750_s=9230.jpg?x-oss-process=image/resize,w_148,limit_1/format,webp"
"38","cat156747","鸡同鸭讲的一夜","乱七八糟的日常 3","01:20","covers/cat156747.webp","https://cdn.kaishuhezi.com/compressImages/1724898493534_92fb87af-7d8f-497a-a35d-9afec7755235_info_w=750_h=750_s=5482.jpg?x-oss-process=image/resize,w_148,limit_1/format,webp"
"39","cat156748","第20集 拯救足球大明星（上）","运动员意外案","06:55","covers/cat156748.webp","https://cdn.kaishuhezi.com/compressImages/1725337882350_22dc9851-782a-4aa1-ae5c-0ccf5a2f06a7_info_w=750_h=750_s=9929.jpg?x-oss-process=image/resize,w_148,limit_1/format,webp"
"40","cat156749","第21集 拯救足球大明星（下）","运动员意外案","07:12","covers/cat156749.webp","https://cdn.kaishuhezi.com/compressImages/1725343420084_d13d282d-f21e-49d5-a5a3-a1cb6d47562a_info_w=750_h=750_s=9929.jpg?x-oss-process=image/resize,w_148,limit_1/format,webp"
"41","cat156750","技术 ∣ 足球鞋也有黑科技？","科学揭秘：什么是鞋钉","02:49","covers/cat156750.webp","https://cdn.kaishuhezi.com/compressImages/1725345084713_45d75ef3-cb71-45ec-950b-6921b21b897e_info_w=750_h=750_s=9230.jpg?x-oss-process=image/resize,w_148,limit_1/format,webp"
"42","cat156753","这回真该减肥了！","乱七八糟的日常 4","00:52","covers/cat156753.webp","https://cdn.kaishuhezi.com/compressImages/1725343886032_e1281cbe-8586-47a3-8ce3-ef7f692eb331_info_w=750_h=750_s=6116.jpg?x-oss-process=image/resize,w_148,limit_1/format,webp"
"43","cat156754","第22集 史上最惨“鼠王”（上）","公园寻人案","08:00","covers/cat156754.webp","https://cdn.kaishuhezi.com/compressImages/1725344370012_7936b8c9-ed6e-464e-bc99-5ae77b730bd6_info_w=750_h=750_s=9246.jpg?x-oss-process=image/resize,w_148,limit_1/format,webp"
"44","cat156759","第23集 史上最惨“鼠王”（下）","公园寻人案","08:19","covers/cat156759.webp","https://cdn.kaishuhezi.com/compressImages/1725344723804_d4daa8b3-97f7-424c-adb7-10ee101c9910_info_w=750_h=750_s=9246.jpg?x-oss-process=image/resize,w_148,limit_1/format,webp"
"45","cat156760","动物 ∣ 喜欢撒尿的昆虫","科学揭秘：什么是蝉","02:05","covers/cat156760.webp","https://cdn.kaishuhezi.com/compressImages/1725604546202_8e45035e-b7a8-42fa-9968-cc5404459821_info_w=750_h=750_s=9230.jpg?x-oss-process=image/resize,w_148,limit_1/format,webp"
"46","cat156767","名侦探微信群","乱七八糟的日常 5","01:02","covers/cat156767.webp","https://cdn.kaishuhezi.com/compressImages/1725345654690_e0a294db-ba05-4818-bd62-fb46acbff980_info_w=750_h=750_s=4621.jpg?x-oss-process=image/resize,w_148,limit_1/format,webp"
"47","cat156768","第24集 婚礼上的钻石劫匪！（上）","婚礼钻戒失窃案","08:11","covers/cat156768.webp","https://cdn.kaishuhezi.com/compressImages/1725604204332_245c8921-92ad-4322-8158-c34760761a57_info_w=750_h=750_s=9823.jpg?x-oss-process=image/resize,w_148,limit_1/format,webp"
"48","cat156769","第25集 婚礼上的钻石劫匪！（下）","婚礼钻戒失窃案","07:07","covers/cat156769.webp","https://cdn.kaishuhezi.com/compressImages/1725604416469_bd704a4c-5090-4a9b-bb03-89ab47271e32_info_w=750_h=750_s=9823.jpg?x-oss-process=image/resize,w_148,limit_1/format,webp"
"49","cat156770","医学 ∣ 坐姿为什么要端正","科学揭秘：什么是膝盖内翻","02:19","covers/cat156770.webp","https://cdn.kaishuhezi.com/compressImages/1725957091250_3c53da9b-1e9e-4a75-9782-07aaed4be4cd_info_w=750_h=750_s=9230.jpg?x-oss-process=image/resize,w_148,limit_1/format,webp"
"50","cat156783","芹菜月饼碾压全场？","中秋番外","02:58","covers/cat156783.webp","https://cdn.kaishuhezi.com/compressImages/1726113551077_475a46ba-4422-4dbf-9bf0-9e7b811069de_info_w=750_h=750_s=5707.jpg?x-oss-process=image/resize,w_148,limit_1/format,webp"
"51","cat156785","第26集 电影明星秃头事件（上）","假发胶水掉包案","07:08","covers/cat156785.webp","https://cdn.kaishuhezi.com/kstory/story/image/5071c5db-92a0-4952-b63b-a9151c33b2d0_info_w=750_h=750_s=718785.jpg?x-oss-process=image/resize,w_148,limit_1/format,webp"
"52","cat156788","第27集 电影明星秃头事件（下）","假发胶水掉包案","07:20","covers/cat156788.webp","https://cdn.kaishuhezi.com/kstory/story/image/987e1b63-b73e-4042-a0db-50613b54562c_info_w=750_h=750_s=718785.jpg?x-oss-process=image/resize,w_148,limit_1/format,webp"
"53","cat156789","技术 ∣ 能溶解在水中的胶水","科学揭秘：什么是水溶性胶水","02:38","covers/cat156789.webp","https://cdn.kaishuhezi.com/compressImages/1725957091250_3c53da9b-1e9e-4a75-9782-07aaed4be4cd_info_w=750_h=750_s=9230.jpg?x-oss-process=image/resize,w_148,limit_1/format,webp"
"54","cat156791","我成嫌疑人了？","乱七八糟的日常 6","01:22","covers/cat156791.webp","https://cdn.kaishuhezi.com/compressImages/1726639293221_bebe9767-b4b1-4248-8718-d0763d8c1dff_info_w=750_h=750_s=6655.jpg?x-oss-process=image/resize,w_148,limit_1/format,webp"
"55","cat156796","第28集 夕阳下的飞驰（上）","老头失踪案","07:49","covers/cat156796.webp","https://cdn.kaishuhezi.com/compressImages/1726639615623_752823db-2689-4a41-8dde-bc6fb3eeeaf3_info_w=750_h=750_s=9159.jpg?x-oss-process=image/resize,w_148,limit_1/format,webp"
"56","cat156797","第29集 夕阳下的飞驰（下）","老头失踪案","08:51","covers/cat156797.webp","https://cdn.kaishuhezi.com/compressImages/1726640189436_4368f00a-a69b-465f-9822-d998dc0d3a11_info_w=750_h=750_s=9159.jpg?x-oss-process=image/resize,w_148,limit_1/format,webp"
"57","cat156798","技术 ∣ 罪犯的克星","科学揭秘：什么是天眼系统","02:12","covers/cat156798.webp","https://cdn.kaishuhezi.com/compressImages/1726640380707_20a72f49-410f-457c-8084-a24cf4b276fd_info_w=750_h=750_s=9230.jpg?x-oss-process=image/resize,w_148,limit_1/format,webp"
"58","cat156799","第30集 推理儿童失踪事件（上）","小孩失踪案","07:10","covers/cat156799.webp","https://cdn.kaishuhezi.com/compressImages/1726727532424_bdeaaca5-9b63-4c1f-a031-7258206dcf1f_info_w=750_h=750_s=9952.jpg?x-oss-process=image/resize,w_148,limit_1/format,webp"
"59","cat156800","第31集 推理儿童失踪事件（下）","小孩失踪案","08:07","covers/cat156800.webp","https://cdn.kaishuhezi.com/compressImages/1726727669024_f4c47453-8956-4423-abee-9d812e18ce74_info_w=750_h=750_s=9952.jpg?x-oss-process=image/resize,w_148,limit_1/format,webp"
"60","cat156807","技术 ∣ 屏幕对面的人到底是谁？","科学揭秘：什么是AI换脸？","02:08","covers/cat156807.webp","https://cdn.kaishuhezi.com/compressImages/1727150109579_1e41a908-4e14-490d-9c0f-89baac8f22a8_info_w=750_h=750_s=9230.jpg?x-oss-process=image/resize,w_148,limit_1/format,webp"
"61","cat156808","有的电话不打也罢","乱七八糟的日常 7","02:32","covers/cat156808.webp","https://cdn.kaishuhezi.com/compressImages/1727149717584_486034c2-099a-431e-8063-03ba2b5b8810_info_w=750_h=750_s=5667.jpg?x-oss-process=image/resize,w_148,limit_1/format,webp"
"62","cat156809","第32集 潜伏的罪证！黑雨衣大盗（上）","仿生果冻电池被盗案","07:50","covers/cat156809.webp","https://cdn.kaishuhezi.com/compressImages/1727150485686_9df33e66-5c6d-46ee-a387-98e0f54d429d_info_w=750_h=750_s=9517.jpg?x-oss-process=image/resize,w_148,limit_1/format,webp"
"63","cat156810","第33集 潜伏的罪证！黑雨衣大盗（下）","仿生果冻电池被盗案","07:18","covers/cat156810.webp","https://cdn.kaishuhezi.com/compressImages/1727150672256_2071ea48-5c43-4dd3-9cb6-6a9176acdb0e_info_w=750_h=750_s=9517.jpg?x-oss-process=image/resize,w_148,limit_1/format,webp"
"64","cat156815","技术 ∣ 新能源汽车力量的来源","科学揭秘：什么是电池？","02:26","covers/cat156815.webp","https://cdn.kaishuhezi.com/compressImages/1727424161353_243a0b71-4327-4d9d-9b8e-6fca40874f40_info_w=750_h=750_s=9230.jpg?x-oss-process=image/resize,w_148,limit_1/format,webp"
"65","cat156816","晕船还是炖肉","国庆番外","02:19","covers/cat156816.webp","https://cdn.kaishuhezi.com/compressImages/1727425681299_b265c73b-b756-4957-8888-a6f6ec46ae26_info_w=750_h=750_s=8944.jpg?x-oss-process=image/resize,w_148,limit_1/format,webp"
"66","cat156817","第34集 烟雾中的真相（上）","电话手表失窃案","08:00","covers/cat156817.webp","https://cdn.kaishuhezi.com/compressImages/1727232154974_b517fe24-d7e5-4ffb-95b6-d75b02ef06e9_info_w=750_h=750_s=10122.jpg?x-oss-process=image/resize,w_148,limit_1/format,webp"
"67","cat156818","第35集 烟雾中的真相（下）","电话手表失窃案","08:26","covers/cat156818.webp","https://cdn.kaishuhezi.com/compressImages/1727232334819_242353ff-227e-4db6-be09-daf35a4c96d3_info_w=750_h=750_s=10122.jpg?x-oss-process=image/resize,w_148,limit_1/format,webp"
"68","cat156819","技术 ∣ 手机通信的秘密","科学揭秘：什么是SIM卡？","02:08","covers/cat156819.webp","https://cdn.kaishuhezi.com/compressImages/1727424161353_243a0b71-4327-4d9d-9b8e-6fca40874f40_info_w=750_h=750_s=9230.jpg?x-oss-process=image/resize,w_148,limit_1/format,webp"
"69","cat156821","第36集 诈骗！邮轮局中局（上）","抓捕诈骗犯案","08:31","covers/cat156821.webp","https://cdn.kaishuhezi.com/compressImages/1727246186183_5f5111ab-f3e4-478a-bd5d-fc4c2149cefe_info_w=750_h=750_s=9483.jpg?x-oss-process=image/resize,w_148,limit_1/format,webp"
"70","cat156822","第37集 诈骗！邮轮局中局（下）","抓捕诈骗犯案","07:58","covers/cat156822.webp","https://cdn.kaishuhezi.com/compressImages/1727246264890_fe00af3b-38e7-4113-b8ba-1b569c1a9237_info_w=750_h=750_s=9483.jpg?x-oss-process=image/resize,w_148,limit_1/format,webp"
"71","cat156820","技术 ∣ 我在跟谁打电话","科学揭秘：什么是AI声纹模拟？","02:03","covers/cat156820.webp","https://cdn.kaishuhezi.com/compressImages/1727424161353_243a0b71-4327-4d9d-9b8e-6fca40874f40_info_w=750_h=750_s=9230.jpg?x-oss-process=image/resize,w_148,limit_1/format,webp"
"72","cat156823","晚安，朋友","乱七八糟的日常 8","02:13","covers/cat156823.webp","https://cdn.kaishuhezi.com/compressImages/1727427834578_626be2b8-760a-48a7-9cc3-c8bd0804e906_info_w=750_h=750_s=7720.jpg?x-oss-process=image/resize,w_148,limit_1/format,webp"
"73","cat156828","第38集 横穿隧道！逃跑的动物园（上）","鼷鹿丢失案","07:36","covers/cat156828.webp","https://cdn.kaishuhezi.com/compressImages/1727423863838_f9091a84-faa6-4cd0-9c0f-bedf32b8f686_info_w=750_h=750_s=9373.jpg?x-oss-process=image/resize,w_148,limit_1/format,webp"
"74","cat156829","第39集 横穿隧道！逃跑的动物园（下）","鼷鹿丢失案","07:34","covers/cat156829.webp","https://cdn.kaishuhezi.com/compressImages/1727424041452_fcab584d-14ff-43a5-b6b8-a7aeb7dbc1cc_info_w=750_h=750_s=9373.jpg?x-oss-process=image/resize,w_148,limit_1/format,webp"
"75","cat156830","技术 ∣ 喝水就能变胖的材料","科学揭秘：什么是高吸水性树脂？","01:57","covers/cat156830.webp","https://cdn.kaishuhezi.com/compressImages/1727424161353_243a0b71-4327-4d9d-9b8e-6fca40874f40_info_w=750_h=750_s=9230.jpg?x-oss-process=image/resize,w_148,limit_1/format,webp"
"76","cat156836","第40集 面具！黑雨衣大盗危险（上）","鼷鹿被盗案","07:20","covers/cat156836.webp","https://cdn.kaishuhezi.com/compressImages/1728525709257_f2545499-5b11-4988-acba-169345dd59c6_info_w=750_h=750_s=8656.jpg?x-oss-process=image/resize,w_148,limit_1/format,webp"
"77","cat156837","第41集 面具！黑雨衣大盗危险（下）","鼷鹿被盗案","06:41","covers/cat156837.webp","https://cdn.kaishuhezi.com/compressImages/1728527234399_c5d4990b-cf17-48e7-87d0-914947e07c5f_info_w=750_h=750_s=8656.jpg?x-oss-process=image/resize,w_148,limit_1/format,webp"
"78","cat156838","动物 ∣ 长得像鹿却不是鹿","科学揭秘：什么是鼷鹿？","01:54","covers/cat156838.webp","https://cdn.kaishuhezi.com/compressImages/1722930898129_3bb17e1d-b73f-4279-818c-e1fcdf97a9a0_info_w=750_h=750_s=8982.jpg?x-oss-process=image/resize,w_148,limit_1/format,webp"
"79","cat156840","这种人，不能共事","乱七八糟的日常9","02:04","covers/cat156840.webp","https://cdn.kaishuhezi.com/compressImages/1728528998099_2526c30b-244d-41f2-9c42-1a4075defc3d_info_w=750_h=750_s=5151.jpg?x-oss-process=image/resize,w_148,limit_1/format,webp"
"80","cat156841","第42集 阴差阳错的冠军（上）","自行车比赛破坏案","08:25","covers/cat156841.webp","https://cdn.kaishuhezi.com/compressImages/1728529226028_07f628a9-9332-4f84-81d3-3b6f5cdae5b1_info_w=750_h=750_s=9572.jpg?x-oss-process=image/resize,w_148,limit_1/format,webp"
"81","cat156842","第43集 阴差阳错的冠军（下）","自行车比赛破坏案","07:58","covers/cat156842.webp","https://cdn.kaishuhezi.com/compressImages/1728529472167_8b037b85-b3c0-434e-a619-8eecd9bdd564_info_w=750_h=750_s=9572.jpg?x-oss-process=image/resize,w_148,limit_1/format,webp"
"82","cat156843","动物 ∣ 猫咪的远方亲戚","科学揭秘：什么是猞猁？","02:21","covers/cat156843.webp","https://cdn.kaishuhezi.com/compressImages/1723107361010_89403d68-7605-4126-a651-45253997a941_info_w=750_h=750_s=9230.jpg?x-oss-process=image/resize,w_148,limit_1/format,webp"
"83","cat156851","第44集 鸡飞飞不要跑（上）","森林迷路案","09:52","covers/cat156851.webp","https://cdn.kaishuhezi.com/compressImages/1728961133869_fbb58108-7080-45c2-bcff-ba0fd0ffde03_info_w=750_h=750_s=8928.jpg?x-oss-process=image/resize,w_148,limit_1/format,webp"
"84","cat156852","第45集 鸡飞飞不要跑（下）","森林迷路案","07:47","covers/cat156852.webp","https://cdn.kaishuhezi.com/compressImages/1728963062437_d66a7515-40d2-4147-8e2e-1aaf103cac00_info_w=750_h=750_s=8928.jpg?x-oss-process=image/resize,w_148,limit_1/format,webp"
"85","cat156853","植物 ∣ 不怕冷的植物","科学揭秘：什么是拟耧斗菜？","02:08","covers/cat156853.webp","https://cdn.kaishuhezi.com/compressImages/1728963307231_0b5fde9f-ccb2-45fa-a7b9-cb4282b1ba1c_info_w=750_h=750_s=9230.jpg?x-oss-process=image/resize,w_148,limit_1/format,webp"
"86","cat156862","一家人不吃两家饭","乱七八糟的日常10","01:14","covers/cat156862.webp","https://cdn.kaishuhezi.com/compressImages/1728963616784_625febee-0ac5-4525-b163-1bb781d0ca06_info_w=750_h=750_s=7165.jpg?x-oss-process=image/resize,w_148,limit_1/format,webp"
"87","cat156866","第46集 流窜的小鸡劫匪（上）","限量款玩偶被盗案","07:55","covers/cat156866.webp","https://cdn.kaishuhezi.com/kstory/story/image/19c0ecec-57e8-4a64-bed0-34aecd72354d_info_w=750_h=750_s=586763.jpg?x-oss-process=image/resize,w_148,limit_1/format,webp"
"88","cat156867","第47集 流窜的小鸡劫匪（下）","限量款玩偶被盗案","06:54","covers/cat156867.webp","https://cdn.kaishuhezi.com/kstory/story/image/8301d6b6-b1cb-41a4-b4a3-c9e9f135ed68_info_w=750_h=750_s=586763.jpg?x-oss-process=image/resize,w_148,limit_1/format,webp"
"89","cat156868","技术 ∣ 会掉渣的材料","科学揭秘：什么是材料的低温脆性？","02:20","covers/cat156868.webp","https://cdn.kaishuhezi.com/kstory/story/image/74f4e231-79ec-4ec2-883a-ef214f0ff9dc_info_w=750_h=750_s=582564.jpg?x-oss-process=image/resize,w_148,limit_1/format,webp"
"90","cat156922","第48集 外星黑雪大危机（上）","剧组破坏案","09:02","covers/cat156922.webp","https://cdn.kaishuhezi.com/compressImages/1729568437836_e8b59b7f-4bfc-4a90-b34c-ff717966b401_info_w=750_h=750_s=9306.jpg?x-oss-process=image/resize,w_148,limit_1/format,webp"
"91","cat156923","第49集 外星黑雪大危机（下）","剧组破坏案","07:32","covers/cat156923.webp","https://cdn.kaishuhezi.com/compressImages/1729568695597_5635be10-1274-4392-9281-60df58af7b6c_info_w=750_h=750_s=9306.jpg?x-oss-process=image/resize,w_148,limit_1/format,webp"
"92","cat156924","技术 ∣ 会动的火柴人","科学揭秘：什么是动作捕捉技术？","02:45","covers/cat156924.webp","https://cdn.kaishuhezi.com/compressImages/1729568806950_65809a87-16ce-4b32-9fe7-4b5a3c3e4380_info_w=750_h=750_s=9230.jpg?x-oss-process=image/resize,w_148,limit_1/format,webp"
"93","cat156941","睡前不宜聊天","乱七八糟的日常11","01:34","covers/cat156941.webp","https://cdn.kaishuhezi.com/compressImages/1729569030581_40bcd57f-b15a-4be9-940e-53fa0ed6eec5_info_w=750_h=750_s=4534.jpg?x-oss-process=image/resize,w_148,limit_1/format,webp"
"94","cat156942","第50集 等候百年的宝藏（上）","保护文物案","08:27","covers/cat156942.webp","https://cdn.kaishuhezi.com/kstory/story/image/50f74f01-2e0d-4119-9f5b-47625705e6fc_info_w=750_h=750_s=938856.jpg?x-oss-process=image/resize,w_148,limit_1/format,webp"
"95","cat156943","第51集 等候百年的宝藏（下）","保护文物案","09:30","covers/cat156943.webp","https://cdn.kaishuhezi.com/kstory/story/image/534258d6-fa83-4d86-9f46-0c5543842830_info_w=750_h=750_s=938856.jpg?x-oss-process=image/resize,w_148,limit_1/format,webp"
"96","cat156944","技术 ∣ 永不褪色的印泥","科学揭秘：什么是龙泉印泥？","02:44","covers/cat156944.webp","https://cdn.kaishuhezi.com/kstory/story/image/41adb09e-3a63-415a-9fef-78d6938db69c_info_w=750_h=750_s=582564.jpg?x-oss-process=image/resize,w_148,limit_1/format,webp"
"97","cat156974","第52集 SOS！划破雨夜的迷局（上）","神秘求救案","07:17","covers/cat156974.webp","https://cdn.kaishuhezi.com/compressImages/1730279559151_184a90c2-44d5-4ff0-b493-a3afca64c0fd_info_w=750_h=750_s=9952.jpg?x-oss-process=image/resize,w_148,limit_1/format,webp"
"98","cat156975","第53集 SOS！划破雨夜的迷局（下）","神秘求救案","07:04","covers/cat156975.webp","https://cdn.kaishuhezi.com/compressImages/1730280629696_d9fc0c24-7c3f-401d-9e96-5416f07f4b06_info_w=750_h=750_s=9952.jpg?x-oss-process=image/resize,w_148,limit_1/format,webp"
"99","cat156976","密码 ∣ 变化多端的字母","科学揭秘：什么是栅栏密码？","02:18","covers/cat156976.webp","https://cdn.kaishuhezi.com/compressImages/1730280818723_95a1745f-bac8-47f4-b5e2-161738c2f4c9_info_w=750_h=750_s=9230.jpg?x-oss-process=image/resize,w_148,limit_1/format,webp"
"100","cat156980","什么病都能“治”","乱七八糟的日常12","01:00","covers/cat156980.webp","https://cdn.kaishuhezi.com/compressImages/1730280980960_5c236990-ffe2-4501-87dc-5e0c909a0494_info_w=750_h=750_s=4383.jpg?x-oss-process=image/resize,w_148,limit_1/format,webp"
"101","cat156987","第54集 失踪的纳米教授（上）","白教授离奇失踪案","09:53","covers/cat156987.webp","https://cdn.kaishuhezi.com/kstory/story/image/2f047c96-2d38-4e8a-b09e-dd1e3f41e729_info_w=750_h=750_s=899770.jpg?x-oss-process=image/resize,w_148,limit_1/format,webp"
"102","cat156988","第55集 失踪的纳米教授（下）","白教授离奇失踪案","07:32","covers/cat156988.webp","https://cdn.kaishuhezi.com/kstory/story/image/4209073b-dc1b-47ec-a904-fc3d09713e0c_info_w=750_h=750_s=899770.jpg?x-oss-process=image/resize,w_148,limit_1/format,webp"
"103","cat156989","技术 ∣ 数字也有专属声音","科学揭秘：什么是按键音？","02:15","covers/cat156989.webp","https://cdn.kaishuhezi.com/kstory/story/image/3c144a6a-b475-44c9-9026-c20b94c2fbcb_info_w=750_h=750_s=582564.jpg?x-oss-process=image/resize,w_148,limit_1/format,webp"
"104","cat157022","第56集 黑雨衣大盗的绑架事件（上）","纳米机器人被盗案","06:55","covers/cat157022.webp","https://cdn.kaishuhezi.com/compressImages/1730881352246_f2e533dc-76fe-4615-8528-3e17960bde73_info_w=750_h=750_s=9531.jpg?x-oss-process=image/resize,w_148,limit_1/format,webp"
"105","cat157023","第57集 黑雨衣大盗的绑架事件（下）","纳米机器人被盗案","07:57","covers/cat157023.webp","https://cdn.kaishuhezi.com/compressImages/1730881393757_15c75029-875f-416a-97d2-ffe6905d3c0d_info_w=750_h=750_s=9531.jpg?x-oss-process=image/resize,w_148,limit_1/format,webp"
"106","cat157024","技术 ∣ 用显微镜才能看到的机器人","科学揭秘：什么是纳米机器人？","02:22","covers/cat157024.webp","https://cdn.kaishuhezi.com/compressImages/1730952125665_40eabe47-4e10-4c45-b10e-84b96c45a531_info_w=750_h=750_s=9230.jpg?x-oss-process=image/resize,w_148,limit_1/format,webp"
"107","cat157031","第58集 局中局！被劫胡的纳米机器人（上）","纳米机器人被盗案","07:50","covers/cat157031.webp","https://cdn.kaishuhezi.com/compressImages/1731144583377_c82b2d58-9f31-40a3-a5e1-417f7086ad9d_info_w=750_h=750_s=8271.jpg?x-oss-process=image/resize,w_148,limit_1/format,webp"
"108","cat157032","第59集 局中局！被劫胡的纳米机器人（下）","纳米机器人被盗案","07:22","covers/cat157032.webp","https://cdn.kaishuhezi.com/compressImages/1731144600390_0a6db6d9-e11e-4cb5-9ea8-07fa36cf46f8_info_w=750_h=750_s=8271.jpg?x-oss-process=image/resize,w_148,limit_1/format,webp"
"109","cat157033","技术 ∣ 该结冰不结冰的水","科学揭秘：什么是过冷水？","02:27","covers/cat157033.webp","https://cdn.kaishuhezi.com/compressImages/1730952125665_40eabe47-4e10-4c45-b10e-84b96c45a531_info_w=750_h=750_s=9230.jpg?x-oss-process=image/resize,w_148,limit_1/format,webp"
"110","cat157073","脑电波连接后遗症","乱七八糟的日常13","01:16","covers/cat157073.webp","https://cdn.kaishuhezi.com/compressImages/1731550774560_59c3a2d4-fbbe-49c5-8c37-bca35034ff20_info_w=750_h=750_s=6428.jpg?x-oss-process=image/resize,w_148,limit_1/format,webp"
"111","cat157080","第60集 幻听！怪兽来袭！（上）","怪兽出没案","07:00","covers/cat157080.webp","https://cdn.kaishuhezi.com/compressImages/1731551277167_973a83a5-f382-43d4-bfec-666d9ef5966e_info_w=750_h=750_s=9036.jpg?x-oss-process=image/resize,w_148,limit_1/format,webp"
"112","cat157081","第61集 幻听！怪兽来袭！（下）","怪兽出没案","07:51","covers/cat157081.webp","https://cdn.kaishuhezi.com/compressImages/1731551726437_b30fc32c-3b23-4ed1-85e7-2b99704b2a55_info_w=750_h=750_s=9036.jpg?x-oss-process=image/resize,w_148,limit_1/format,webp"
"113","cat157082","技术 ∣ 放大声音的魅力","科学揭秘：什么是音响？","02:45","covers/cat157082.webp","https://cdn.kaishuhezi.com/compressImages/1731551853127_68e62539-854e-4994-8a6a-3158ca6daa45_info_w=750_h=750_s=9230.jpg?x-oss-process=image/resize,w_148,limit_1/format,webp"
"114","cat157083","喜提一只光头鸡","乱七八糟的日常14","01:15","covers/cat157083.webp","https://cdn.kaishuhezi.com/compressImages/1731552054626_2c84372e-ce8b-48e2-b619-034d0dd23b84_info_w=750_h=750_s=6354.jpg?x-oss-process=image/resize,w_148,limit_1/format,webp"
"115","cat157085","第62集 轻功雪上“漂”（上）","雪具破坏案","07:53","covers/cat157085.webp","https://cdn.kaishuhezi.com/kstory/story/image/246c69a9-f4c3-454a-ac17-8cebb616156e_info_w=750_h=750_s=789504.jpg?x-oss-process=image/resize,w_148,limit_1/format,webp"
"116","cat157086","第63集 轻功雪上“漂”（下）","雪具破坏案","06:24","covers/cat157086.webp","https://cdn.kaishuhezi.com/kstory/story/image/b29ba912-0f2f-43f5-92ab-45b6d7205bb4_info_w=750_h=750_s=789504.jpg?x-oss-process=image/resize,w_148,limit_1/format,webp"
"117","cat157087","技术 ∣ 雨雪召唤术","科学揭秘：什么是人工降雪？","02:42","covers/cat157087.webp","https://cdn.kaishuhezi.com/kstory/story/image/c836e781-ae27-4a67-bf89-14ec2010a7de_info_w=750_h=750_s=582564.jpg?x-oss-process=image/resize,w_148,limit_1/format,webp"
"118","cat157116","第64集 滑雪杖里的宝藏（上）","雪具破坏案","07:00","covers/cat157116.webp","https://cdn.kaishuhezi.com/compressImages/1731997790184_ebe88d66-43b6-44de-88d7-e1214443552c_info_w=750_h=750_s=9640.jpg?x-oss-process=image/resize,w_148,limit_1/format,webp"
"119","cat157117","第65集 滑雪杖里的宝藏（下）","雪具破坏案","06:54","covers/cat157117.webp","https://cdn.kaishuhezi.com/compressImages/1731997995642_5e6637f0-267d-461e-93a3-ccc6b025b4d5_info_w=750_h=750_s=9640.jpg?x-oss-process=image/resize,w_148,limit_1/format,webp"
"120","cat157118","材料 ∣ 宝石中最纯正的红","科学揭秘：什么是鸽血红宝石？","02:18","covers/cat157118.webp","https://cdn.kaishuhezi.com/compressImages/1731998103502_9edb3357-2c2e-4e89-8061-d28386133710_info_w=750_h=750_s=9230.jpg?x-oss-process=image/resize,w_148,limit_1/format,webp"
"121","cat157126","第1条","乱七八糟的日常15","01:57","covers/cat157126.webp","https://cdn.kaishuhezi.com/kstory/story/image/60298fea-cfad-4e35-ad5c-ba1202c7fe66_info_w=1334_h=1334_s=867114.jpg?x-oss-process=image/resize,w_148,limit_1/format,webp"
"122","cat157132","第66集 吞掉钥匙的密室（上）","名画盗窃案","06:40","covers/cat157132.webp","https://cdn.kaishuhezi.com/kstory/story/image/1bfbddb4-6f25-4dab-8151-909461217dee_info_w=750_h=750_s=239201.png?x-oss-process=image/resize,w_148,limit_1/format,webp"
"123","cat157133","第67集 吞掉钥匙的密室（下）","名画盗窃案","06:48","covers/cat157133.webp","https://cdn.kaishuhezi.com/kstory/story/image/4f95eb7d-ec80-4b39-bc7b-6f03df834cf5_info_w=750_h=750_s=239201.png?x-oss-process=image/resize,w_148,limit_1/format,webp"
"124","cat157134","植物 ∣ 有大用的橡胶树","科学揭秘：什么是橡胶？","02:19","covers/cat157134.webp","https://cdn.kaishuhezi.com/kstory/story/image/423d1ca9-a763-4edf-92f5-e5fef3dd4c35_info_w=750_h=750_s=582564.jpg?x-oss-process=image/resize,w_148,limit_1/format,webp"
"125","cat157168","盔甲还是软肋？","乱七八糟的日常16","01:48","covers/cat157168.webp","https://cdn.kaishuhezi.com/compressImages/1732677001345_a8f366aa-090c-4df3-9ec3-9a6ea8992c75_info_w=750_h=750_s=5911.jpg?x-oss-process=image/resize,w_148,limit_1/format,webp"
"126","cat157169","第68集 鸡飞飞离家出走了？（上）","鸡飞飞失踪案","07:18","covers/cat157169.webp","https://cdn.kaishuhezi.com/compressImages/1732677119563_4a89606d-367e-4896-9b53-8c3d062ec517_info_w=750_h=750_s=9427.jpg?x-oss-process=image/resize,w_148,limit_1/format,webp"
"127","cat157170","第69集 鸡飞飞离家出走了？（下）","鸡飞飞失踪案","07:38","covers/cat157170.webp","https://cdn.kaishuhezi.com/compressImages/1732677352803_9c1eb039-9da2-4570-bbbb-5807946215bb_info_w=750_h=750_s=9427.jpg?x-oss-process=image/resize,w_148,limit_1/format,webp"
"128","cat157171","植物 ∣ 让猫咪疯狂的植物","什么是猫薄荷？","02:28","covers/cat157171.webp","https://cdn.kaishuhezi.com/compressImages/1732677461139_0cf253bf-aab6-418b-9124-f428979a2b4c_info_w=750_h=750_s=9230.jpg?x-oss-process=image/resize,w_148,limit_1/format,webp"
"129","cat157172","第70集 凤凰山雪人袭击事件（上）","雪人袭击案","08:54","covers/cat157172.webp","https://cdn.kaishuhezi.com/compressImages/1732864933074_1d21360c-3b30-414d-b42e-c91f0a860e90_info_w=750_h=750_s=9850.jpg?x-oss-process=image/resize,w_148,limit_1/format,webp"
"130","cat157173","第71集 凤凰山雪人袭击事件（下）","雪人袭击案","06:41","covers/cat157173.webp","https://cdn.kaishuhezi.com/compressImages/1732865077436_60a706c3-b3f7-4691-a728-33414287edc3_info_w=750_h=750_s=9850.jpg?x-oss-process=image/resize,w_148,limit_1/format,webp"
"131","cat157174","技术 ∣ 科技改变洗澡","什么是智能温泉控制系统？","02:02","covers/cat157174.webp","https://cdn.kaishuhezi.com/compressImages/1722930898129_3bb17e1d-b73f-4279-818c-e1fcdf97a9a0_info_w=750_h=750_s=9230.jpg?x-oss-process=image/resize,w_148,limit_1/format,webp"
"132","cat157220","第72集 黑雨衣大盗的雪地迷局（上）","雪人连环袭击案","07:47","covers/cat157220.webp","https://cdn.kaishuhezi.com/compressImages/1733384697511_a5df8083-c33f-49b3-871c-219a5a0b3ad9_info_w=750_h=750_s=27466.png?x-oss-process=image/resize,w_148,limit_1/format,webp"
"133","cat157221","第73集 黑雨衣大盗的雪地迷局（下）","雪人连环袭击案","07:23","covers/cat157221.webp","https://cdn.kaishuhezi.com/compressImages/1733387960875_25438b79-27df-4804-9b12-11b3075a726b_info_w=750_h=750_s=27466.png?x-oss-process=image/resize,w_148,limit_1/format,webp"
"134","cat157222","地理 ∣ 地球的角质层","什么是地层？","02:14","covers/cat157222.webp","https://cdn.kaishuhezi.com/compressImages/1722930898129_3bb17e1d-b73f-4279-818c-e1fcdf97a9a0_info_w=750_h=750_s=9230.jpg?x-oss-process=image/resize,w_148,limit_1/format,webp"
"135","cat157231","梧桐镇警方揭秘！","乱七八糟的日常17","01:18","covers/cat157231.webp","https://cdn.kaishuhezi.com/compressImages/1733369523137_54fe6418-7e18-420e-b49f-06fa919269b3_info_w=750_h=750_s=8398.jpg?x-oss-process=image/resize,w_148,limit_1/format,webp"
"136","cat157234","第74集 告别派对！演唱会风波（上）","吉他琴弦破坏案","07:09","covers/cat157234.webp","https://cdn.kaishuhezi.com/compressImages/1733479360461_ffae2535-a335-4329-8a50-c69ad4a7049a_info_w=750_h=750_s=10567.jpg?x-oss-process=image/resize,w_148,limit_1/format,webp"
"137","cat157235","第75集 告别派对！演唱会风波（下）","吉他琴弦破坏案","08:04","covers/cat157235.webp","https://cdn.kaishuhezi.com/compressImages/1733480117352_644ef634-d3df-4f35-889c-56041331a4b2_info_w=750_h=750_s=10567.jpg?x-oss-process=image/resize,w_148,limit_1/format,webp"
"138","cat157236","化学 ∣ 活泼金属的克星","什么是二氧化氯？","02:08","covers/cat157236.webp","https://cdn.kaishuhezi.com/compressImages/1733480333859_001ea565-3a53-4a97-9f81-5e000f6d2b93_info_w=750_h=750_s=9230.jpg?x-oss-process=image/resize,w_148,limit_1/format,webp"
"139","cat157277","第76集 集结！梧桐侦探团（上）","侦探对决案","07:39","covers/cat157277.webp","https://cdn.kaishuhezi.com/compressImages/1734059134269_c293e5a7-4416-44a8-b539-26a12601f61d_info_w=750_h=750_s=25740.png?x-oss-process=image/resize,w_148,limit_1/format,webp"
"140","cat157278","第77集 集结！梧桐侦探团（下）","侦探对决案","09:54","covers/cat157278.webp","https://cdn.kaishuhezi.com/compressImages/1734059337958_36da83bd-84e8-478c-a710-9317a421a6a1_info_w=750_h=750_s=25740.png?x-oss-process=image/resize,w_148,limit_1/format,webp"
"141","cat157279","天文 ∣ 宇宙中的家园","什么是太阳系？","02:24","covers/cat157279.webp","https://cdn.kaishuhezi.com/compressImages/1734060484016_4f4fa3dc-6237-481a-b5ca-25f3fab3b4d9_info_w=750_h=750_s=9230.jpg?x-oss-process=image/resize,w_148,limit_1/format,webp"
"142","cat157282","有话不能当面说","乱七八糟的日常18","02:19","covers/cat157282.webp","https://cdn.kaishuhezi.com/compressImages/1733975986569_cd8a8a09-1024-45cb-a4f0-18721dbf7486_info_w=750_h=750_s=4909.jpg?x-oss-process=image/resize,w_148,limit_1/format,webp"
"143","cat157283","第78集 嫌疑人诗仙李白（上）","鹦鹉杯被盗案","07:25","covers/cat157283.webp","https://cdn.kaishuhezi.com/kstory/story/image/6cf3abdd-1d38-40ea-8648-7d79e28f1074_info_w=750_h=750_s=858692.jpg?x-oss-process=image/resize,w_148,limit_1/format,webp"
"144","cat157284","第79集 嫌疑人诗仙李白（下）","鹦鹉杯被盗案","08:19","covers/cat157284.webp","https://cdn.kaishuhezi.com/compressImages/1734327164507_1f653a47-1bac-4df9-b21a-98e8d2c1e967_info_w=750_h=750_s=9674.jpg?x-oss-process=image/resize,w_148,limit_1/format,webp"
"145","cat157285","动物 ∣ 美丽的“活化石”","什么是鹦鹉螺？","02:04","covers/cat157285.webp","https://cdn.kaishuhezi.com/compressImages/1734327190818_0d6308e6-55ff-4794-bc3d-0f97c77751b1_info_w=750_h=750_s=9230.jpg?x-oss-process=image/resize,w_148,limit_1/format,webp"
"146","cat157315","第80集 穿越！三个“艾成功”（上）","永王遇袭案","07:48","covers/cat157315.webp","https://cdn.kaishuhezi.com/compressImages/1734488806596_b5b6e26d-8dd1-4efb-a469-db0c8bb6626d_info_w=750_h=750_s=28369.png?x-oss-process=image/resize,w_148,limit_1/format,webp"
"147","cat157316","第81集 穿越！三个“艾成功”（下）","永王遇袭案","08:08","covers/cat157316.webp","https://cdn.kaishuhezi.com/compressImages/1734489133290_dc6861de-7a08-466f-825d-1e877d06717f_info_w=750_h=750_s=28369.png?x-oss-process=image/resize,w_148,limit_1/format,webp"
"148","cat157317","材料 ∣ 古代的涂改液","什么是雌黄？","02:23","covers/cat157317.webp","https://cdn.kaishuhezi.com/compressImages/1734514880943_18ec1af2-cc19-4d4b-8835-3d6238c57f0e_info_w=750_h=750_s=9230.jpg?x-oss-process=image/resize,w_148,limit_1/format,webp"
"149","cat157318","熬夜工程鸡","乱七八糟的日常19","01:14","covers/cat157318.webp","https://cdn.kaishuhezi.com/compressImages/1734504039242_1cc5ece1-f860-4b73-9e87-543728bcd55d_info_w=750_h=750_s=5060.jpg?x-oss-process=image/resize,w_148,limit_1/format,webp"
"150","cat157326","第82集 “隐身”的嫌疑人（上）","服务区盗窃案","08:12","covers/cat157326.webp","https://cdn.kaishuhezi.com/compressImages/1734594089316_d15ba756-79c3-48e8-b79f-94e74b3566ae_info_w=750_h=750_s=10074.jpg?x-oss-process=image/resize,w_148,limit_1/format,webp"
"151","cat157327","第83集 “隐身”的嫌疑人（下）","服务区盗窃案","07:07","covers/cat157327.webp","https://cdn.kaishuhezi.com/compressImages/1734594559854_ecf1b49e-9aa3-45d2-8407-45282f395917_info_w=750_h=750_s=10074.jpg?x-oss-process=image/resize,w_148,limit_1/format,webp"
"152","cat157328","技术 ∣ 停车也可以很智能","什么是智能立体停车系统？","02:16","covers/cat157328.webp","https://cdn.kaishuhezi.com/compressImages/1734671018949_a26ef4c8-99c9-4a94-b04c-6a1c7d207d45_info_w=750_h=750_s=9230.jpg?x-oss-process=image/resize,w_148,limit_1/format,webp"
"153","cat157361","第84集 黑暗中的黑色雨衣（上）","纳米机器人2次被盗案","07:19","covers/cat157361.webp","https://cdn.kaishuhezi.com/compressImages/1735109852886_0b5a23c3-2f24-41bf-a6a4-5846e68efda2_info_w=750_h=750_s=28463.png?x-oss-process=image/resize,w_148,limit_1/format,webp"
"154","cat157362","第85集 黑暗中的黑色雨衣（下）","纳米机器人2次被盗案","08:40","covers/cat157362.webp","https://cdn.kaishuhezi.com/compressImages/1735110271526_818973ae-f2d9-4519-b291-162fc28fe0a8_info_w=750_h=750_s=28463.png?x-oss-process=image/resize,w_148,limit_1/format,webp"
"155","cat157363","技术 ∣ 家里的智能管家","什么是智能家居？","02:08","covers/cat157363.webp","https://cdn.kaishuhezi.com/compressImages/1735110887601_eb34e22d-34e1-48de-91af-8608fa52df1e_info_w=750_h=750_s=9230.jpg?x-oss-process=image/resize,w_148,limit_1/format,webp"
"156","cat157367","黑白交易","乱七八糟的日常20","01:32","covers/cat157367.webp","https://cdn.kaishuhezi.com/compressImages/1735111628493_b600db5a-c568-48cc-af33-4461c9b55fe7_info_w=750_h=750_s=8247.jpg?x-oss-process=image/resize,w_148,limit_1/format,webp"
"157","cat157382","《口袋神探·与你同行》","口袋神探来新歌了！","02:11","covers/cat157382.webp","https://cdn.kaishuhezi.com/compressImages/1735552268165_ecde40ce-6faf-4e52-a530-2a45689f8ac7_info_w=750_h=750_s=5325.jpg?x-oss-process=image/resize,w_148,limit_1/format,webp"
"158","cat157394","第86集 末日骑士！逃离比特庄园（上）","冒牌鸡飞飞身份曝光","09:29","covers/cat157394.webp","https://cdn.kaishuhezi.com/compressImages/1735286783026_6b019af8-9a25-4490-a850-3549400803ab_info_w=750_h=750_s=9927.jpg?x-oss-process=image/resize,w_148,limit_1/format,webp"
"159","cat157395","第87集 末日骑士！逃离比特庄园（下）","冒牌鸡飞飞身份曝光","08:11","covers/cat157395.webp","https://cdn.kaishuhezi.com/compressImages/1735622651316_6fc8b8a9-f7fd-4854-9c9c-8a160a7188ea_info_w=750_h=750_s=9927.jpg?x-oss-process=image/resize,w_148,limit_1/format,webp"
"160","cat157396","游戏 ∣ 棋盘上的攻城拔寨","什么是国际象棋？","02:20","covers/cat157396.webp","https://cdn.kaishuhezi.com/compressImages/1735622891333_ca9a04f0-e8ef-4fa6-ade1-a2fcd5e85c17_info_w=750_h=750_s=9230.jpg?x-oss-process=image/resize,w_148,limit_1/format,webp"
"161","cat157411","第88集 来自远古星空的密码（上）","追踪冒牌鸡飞飞","07:56","covers/cat157411.webp","https://cdn.kaishuhezi.com/compressImages/1735804566814_eef19e67-cf54-47c9-97b7-e56b50762a55_info_w=750_h=750_s=29591.png?x-oss-process=image/resize,w_148,limit_1/format,webp"
"162","cat157412","第89集 来自远古星空的密码（下）","追踪冒牌鸡飞飞","07:20","covers/cat157412.webp","https://cdn.kaishuhezi.com/compressImages/1735804938881_641856d1-009a-44b6-b2d0-758ebcb07f4a_info_w=750_h=750_s=29591.png?x-oss-process=image/resize,w_148,limit_1/format,webp"
"163","cat157413","天文 ∣ 星辰里的传统文化","什么是二十八星宿？","02:12","covers/cat157413.webp","https://cdn.kaishuhezi.com/compressImages/1734514880943_18ec1af2-cc19-4d4b-8835-3d6238c57f0e_info_w=750_h=750_s=9230.jpg?x-oss-process=image/resize,w_148,limit_1/format,webp"
"164","cat157414","第90集 移动迷宫！反派现身（上）","大结局上","08:38","covers/cat157414.webp","https://cdn.kaishuhezi.com/compressImages/1736388578061_fb5fbec3-ccfe-4dec-b6c5-bbce571fd6aa_info_w=750_h=750_s=6750.jpg?x-oss-process=image/resize,w_148,limit_1/format,webp"
"165","cat157415","第91集 移动迷宫！反派现身（下）","大结局上","07:00","covers/cat157415.webp","https://cdn.kaishuhezi.com/compressImages/1736400203633_52394534-0c07-4aa2-bc77-71ee1153d204_info_w=750_h=750_s=6750.jpg?x-oss-process=image/resize,w_148,limit_1/format,webp"
"166","cat157416","技术 ∣ 用机器武装大脑","什么是脑机接口？","02:34","covers/cat157416.webp","https://cdn.kaishuhezi.com/compressImages/1735801642469_fc45b8fc-0505-41a7-ac95-a5c8af0b5f35_info_w=750_h=750_s=9230.jpg?x-oss-process=image/resize,w_148,limit_1/format,webp"
"167","cat157457","第92集 机械主脑！人工智能的阴谋（上）","大结局中","08:14","covers/cat157457.webp","https://cdn.kaishuhezi.com/compressImages/1736490178073_f2da41ea-a35f-44a9-9c43-909a0826d03a_info_w=750_h=750_s=9351.jpg?x-oss-process=image/resize,w_148,limit_1/format,webp"
"168","cat157458","第93集 机械主脑！人工智能的阴谋（下）","大结局中","08:13","covers/cat157458.webp","https://cdn.kaishuhezi.com/compressImages/1736490381735_ece91666-ebc4-49f5-a013-e16082107a2c_info_w=750_h=750_s=9351.jpg?x-oss-process=image/resize,w_148,limit_1/format,webp"
"169","cat157459","技术 ∣ 人类也可以力大无穷","什么是外置骨骼？","02:24","covers/cat157459.webp","https://cdn.kaishuhezi.com/kstory/story/image/f7fea582-f110-4aa6-b340-41e71713278f_info_w=750_h=750_s=582564.jpg?x-oss-process=image/resize,w_148,limit_1/format,webp"
"170","cat157465","第94集 大决战！代码世界的黑手（上）","大结局下","08:56","covers/cat157465.webp","https://cdn.kaishuhezi.com/compressImages/1736825394393_24600b6c-6e8e-4a87-bc89-daa4059d7c4f_info_w=750_h=750_s=9691.jpg?x-oss-process=image/resize,w_148,limit_1/format,webp"
"171","cat157466","第95集 大决战！代码世界的黑手（下）","大结局下","08:16","covers/cat157466.webp","https://cdn.kaishuhezi.com/compressImages/1736825466270_858821fd-5458-40ad-a334-27404503a166_info_w=750_h=750_s=9691.jpg?x-oss-process=image/resize,w_148,limit_1/format,webp"
"172","cat157468","技术 ∣ “飞毛腿”计算机","什么是量子计算机？","02:13","covers/cat157468.webp","https://cdn.kaishuhezi.com/kstory/story/image/f7fea582-f110-4aa6-b340-41e71713278f_info_w=750_h=750_s=582564.jpg?x-oss-process=image/resize,w_148,limit_1/format,webp"
"173","cat157469","吵架得找机器人","当霍晓迪有了ai鸡飞飞","01:25","covers/cat157469.webp","https://cdn.kaishuhezi.com/kstory/story/image/2ce4c44c-117b-4a6b-aaee-dcc1dd98ed77_info_w=750_h=750_s=609243.png?x-oss-process=image/resize,w_148,limit_1/format,webp"